old,new
Alt_Interconnect_CNT_Graphene_Screening_평가_결과_보고_20261004111813.pptx,260304_대체 배선 CNT 그래핀 스크리닝 보류 판정.pptx
BEOL_Advanced_Interconnect_Reliability_Table3_평가_결과_보고_20261004141124.pptx,260120_HMDS ALD Ru 라이너 에어갭 개선 기전과 한계.pptx
BEOL_Cu_DD_Background_Cu_vs_Al_평가_결과_보고_20261004130511.pptx,260929_Cu 이중상감 전제 Al 대비 RC지연 RIE 불가.pptx
BEOL_Cu_DD_Compact_Full_Report_평가_결과_보고_20261004153546.pptx,260420_Cu 다마신 결함 평가 압축 종합 보고.pptx
BEOL_Cu_DD_Defect_Integrated_Review_평가_결과_보고_20261004141747.pptx,260521_Cu DD 네 가지 결함 메커니즘 통합 리뷰.pptx
BEOL_Cu_DD_Dense_Full_Report_평가_결과_보고_20261004193546.pptx,260409_Cu 다마신 결함 평가 상세 종합 보고 TEM 참고.pptx
BEOL_Cu_DD_Review_Refs_v2_평가_결과_보고_20261004195918.pptx,260707_Cu DD 불량 기전 통합 리뷰 참고문헌 v2.pptx
BEOL_Cu_DD_Review_with_References_평가_결과_보고_20261004155918.pptx,260310_Cu DD 결함 메커니즘 리뷰 참고문헌 수록.pptx
BEOL_Cu_Damascene_Premise_Review_평가_결과_보고_20261004170511.pptx,260924_Cu 다마신 전제 Via-First Trench-First 리뷰.pptx
BEOL_DD_Defect_Chain_Summary_평가_결과_보고_20261004134752.pptx,260910_DD 결함 연쇄 1차 2차 효과 요약.pptx
BEOL_DD_Eval_Schedule_Board_평가_결과_보고_20261004152400.pptx,260828_DD 결함 평가 통합 일정 보드.pptx
BEOL_DD_Failure_Chain_Digest_평가_결과_보고_20261004174752.pptx,260216_DD 불량 도미노 연쇄 다이제스트.pptx
BEOL_DD_Flow_Defect_Mapping_평가_결과_보고_20261004185405.pptx,260619_DD 공정 흐름 결함 매핑 RC지연 배경.pptx
BEOL_DD_Four_Defects_Integrated_평가_결과_보고_20261004181747.pptx,260223_DD 네 가지 불량 통합 지도 발생 공정.pptx
BEOL_DD_Kanban_Schedule_평가_결과_보고_20261004192400.pptx,260521_DD 불량 평가 칸반 일정 보드.pptx
BEOL_DD_Key_Numbers_Digest_평가_결과_보고_20261004155355.pptx,260803_Cu DD 결함 핵심 수치 다이제스트.pptx
BEOL_DD_Numbers_At_A_Glance_평가_결과_보고_20261004195355.pptx,260511_Cu DD 불량 평가 주요 수치 한눈에.pptx
BEOL_DD_Process_Flow_Defect_Map_평가_결과_보고_20261004145405.pptx,260317_DD 공정 흐름 결함 지도 Cu 휘발성.pptx
BEOL_Liner_AirGap_HMDS_Matrix_평가_결과_보고_20261004181124.pptx,260318_HMDS 라이너 에어갭 개선 기전 매트릭스.pptx
BEOL_Liner_AirGap_Semi_DD_Options_평가_결과_보고_20261004154209.pptx,260204_라이너 박막화 에어갭 정전용량 Semi-DD 옵션.pptx
BEOL_Mechanical_Fracture_InSitu_SEM_평가_결과_보고_20261004105722.pptx,260331_기계적 파괴 in-situ SEM 마이크로빔 굽힘.pptx
BEOL_Metal_Pitch_Roadmap_Barrier_Limit_평가_결과_보고_20261004092621.pptx,260305_금속 피치 로드맵 배리어 하한 Cu DD 한계.pptx
BEOL_Reliability_Thermal_Integrated_Review_평가_결과_보고_20261004111136.pptx,260407_신뢰성 열 split 매트릭스 통합 리뷰.pptx
BEOL_Scaling_Options_Liner_AG_SemiDD_평가_결과_보고_20261004194209.pptx,260522_스케일링 옵션 라이너 에어갭 Semi-DD.pptx
BEOL_SemiDD_BSPDN_Paradigm_평가_결과_보고_20261004174129.pptx,260403_Semi-Damascene BSPDN 패러다임 구조 대조.pptx
BEOL_SemiDD_vs_DD_Structure_평가_결과_보고_20261004190551.pptx,260310_Semi-DD vs Cu DD 구조 대조 불량 축.pptx
BEOL_Semi_Damascene_BSPDN_Transition_평가_결과_보고_20261004134129.pptx,260225_Semi-Damascene BSPDN 전환 구조 비교.pptx
BEOL_Semi_Damascene_vs_Dual_Damascene_평가_결과_보고_20261004150551.pptx,260819_Semi-Damascene vs Dual Damascene 결함 비교.pptx
BEOL_TEM_SEM_Image_Index_and_Sources_평가_결과_보고_20261004112550.pptx,260331_imec TEM SEM 영상 인덱스 출처.pptx
BEOL_Thermal_Modeling_Framework_Review_평가_결과_보고_20261004104308.pptx,260127_열 모델링 DFT BTE FEM 결합 프레임워크.pptx
BEOL_Via_Layer_Thermal_Resistance_평가_결과_보고_20261004102954.pptx,260223_비아층 열저항 86% 14층 BEOL 스택.pptx
BEOL_dummy_01.pptx,260601_M2 RSBM 배경 목적 Cu 스케일링 한계.pptx
BEOL_dummy_02.pptx,260603_M6 RSBM Split ALD TaN Ru vs PVD Ta 배리어.pptx
BEOL_dummy_03.pptx,260320_M2 SiCOH ULK IMD Split k 2.55 2.75 3.0.pptx
BEOL_dummy_04.pptx,260513_V1 M2 Air Gap 적용 유무 Split CD 균일도.pptx
BEOL_dummy_05.pptx,260122_M2 Low-k 플라즈마 손상 CF4 O2 vs C4F8 N2.pptx
BEOL_dummy_06.pptx,260324_M4 Post-CMP Slurry A vs B Split.pptx
BEOL_dummy_07.pptx,260410_M3 CMP Over-polish Split 평가.pptx
BEOL_dummy_08.pptx,260918_M2 Hardmask TiN vs Metal-free SiN 통합 Split.pptx
BEOL_dummy_09.pptx,260520_M6 Via Etch Over-etch Time Split.pptx
BEOL_dummy_10.pptx,260907_M3 RSBM Ru Liner 두께 Co Liner Split.pptx
BEOL_dummy_11.pptx,260513_M4 Post-Etch Damage Repair 실란화 Split.pptx
BEOL_dummy_12.pptx,260402_M3 Cu Damascene Anneal 온도 Split.pptx
BEOL_dummy_13.pptx,260410_M8 Trench Depth Etch Time Split RSBM.pptx
BEOL_dummy_14.pptx,260803_M2 ALD BM 두께 1.0 1.5 2.0nm Split.pptx
BEOL_dummy_15.pptx,260428_M8 SAV vs CV Self-aligned Via 비교.pptx
BEOL_dummy_16.pptx,260901_M4 ULK UV Cure 시간 Split IMD.pptx
BEOL_dummy_17.pptx,260108_M4 Ru Subtractive vs Cu Damascene Split.pptx
BEOL_dummy_18.pptx,260107_Barrier-less Via RSBM 선택성 V1 M2.pptx
BEOL_dummy_19.pptx,260810_M4 Post-CMP dHF vs Organic Wet Clean Split.pptx
BEOL_dummy_20.pptx,260430_M2 Etch Stop AlOx vs SiCN Split CD 저항.pptx
BSPDN_Thermal_vs_Electrical_Tradeoff_평가_결과_보고_20261004103631.pptx,260731_BSPDN 열 전기 트레이드오프 nTSV DTCO.pptx
CMP_BTA_Slurry_Pad_Study_평가_결과_보고_20261004182933.pptx,260309_CMP BTA 슬러리 패드 unCMP 연구.pptx
CMP_Deep_Dive_Residue_Dishing_Dummy_평가_결과_보고_20261004151114.pptx,260216_CMP unCMP 원인 평가 EBAC 딥다이브.pptx
CMP_Dummy_Fill_Tradeoff_평가_결과_보고_20261004142410.pptx,260415_CMP Dummy Metal Fill 평탄도 트레이드오프.pptx
CMP_Dummy_Metal_Density_Tradeoff_평가_결과_보고_20261004182410.pptx,260715_Dummy Metal 밀도 CMP 평탄도 기생 C 상충.pptx
CMP_Overpolish_Dishing_EM_Risk_평가_결과_보고_20261004172320.pptx,260806_overCMP Dishing Erosion EM 리스크.pptx
CMP_Process_Window_un_over_Merged_평가_결과_보고_20261004135938.pptx,260604_CMP 공정 창 unCMP overCMP 통합.pptx
CMP_Residue_Dishing_Dummy_DeepDive_평가_결과_보고_20261004191114.pptx,260212_unCMP 잔류물 Dishing Dummy 딥다이브.pptx
CMP_Residue_Lateral_Leakage_평가_결과_보고_20261004171757.pptx,260319_unCMP 잔류물 측면 누설 EBAC 평가.pptx
CMP_Slurry_BTA_Pad_Window_평가_결과_보고_20261004142933.pptx,260217_슬러리 BTA 패드 조건 unCMP 공정 창.pptx
CMP_Window_Under_Over_Combined_평가_결과_보고_20261004175938.pptx,260508_CMP 공정 창 under over 결합 정리.pptx
CMP_overCMP_Dishing_Erosion_EM_평가_결과_보고_20261004132320.pptx,260819_overCMP Dishing Erosion EM 파급.pptx
CMP_unCMP_Residue_Leakage_평가_결과_보고_20261004131757.pptx,260415_unCMP 잔류물 누설 슬러리 불균형.pptx
Cu_Liner_EM_Activation_Energy_Compare_평가_결과_보고_20261004100903.pptx,260609_Cu 라이너 TaN Co vs TaN Ru EM 활성화에너지.pptx
M1_Hardmask_Punchthrough_Full_Eval_평가_결과_보고_20261004135315.pptx,260907_M1 하드마스크 펀치스루 종합 평가.pptx
M1_Punchthrough_Bridge_Full_Study_평가_결과_보고_20261004175315.pptx,260717_M1 펀치스루 브리지 하드마스크 고갈 연구.pptx
M1_Scatterometry_14nm_HP_Metrology_평가_결과_보고_20261004105045.pptx,260914_M1 스캐터로메트리 14nm HP 계측 ML.pptx
M2_Comb_Serpentine_Leakage_TDDB_평가_결과_보고_20261004185928.pptx,260514_M2 Comb Serpentine 누설 TDDB 검증.pptx
M2_Comb_Serpentine_TDDB_Eval_Methods_평가_결과_보고_20261004145928.pptx,260914_M2 Comb Serpentine TDDB 평가 방법.pptx
M2_Hardmask_Erosion_Metal_Short_평가_결과_보고_20261004131134.pptx,260112_M2 하드마스크 침식 Metal Short 원인.pptx
M2_MHM_Erosion_Short_Path_평가_결과_보고_20261004171134.pptx,260317_M2 MHM 마모 Metal Short 경로.pptx
M2_Metal_Short_Hardmask_unCMP_Merged_평가_결과_보고_20261004154732.pptx,260121_M2 Metal Short 하드마스크 unCMP 통합.pptx
M2_RSBM_ALD_BM_vs_PVD_BM_평가_결과_보고_20261003154150.pptx,260807_M2 RSBM ALD BM vs PVD BM 평가.pptx
M2_Short_Two_Paths_HM_unCMP_평가_결과_보고_20261004194732.pptx,260908_M2 Short 두 경로 HM unCMP.pptx
MIM_Dielectric_LF_Noise_Split_평가_결과_보고_20261004102217.pptx,260731_MIM 유전체 SiO2 Al2O3 OSG 누설 LF 잡음.pptx
Mx_16MP_Ru_Line_Resistance_Yield_평가_결과_보고_20261004094035.pptx,260729_16nm 피치 Ru 선저항 수율.pptx
Mx_Alt_Metal_Resistivity_Screening_평가_결과_보고_20261004091207.pptx,260424_대체 금속 박막 저항률 스크리닝 CuAl2.pptx
Mx_FSAV_18MP_Semi_Damascene_Module_평가_결과_보고_20261004093358.pptx,260709_18nm 피치 FSAV Semi-Damascene 모듈.pptx
Mx_Line_Resistance_EM_Black_Equation_평가_결과_보고_20261004143556.pptx,260907_선저항 EM Black 방정식 overCMP.pptx
Mx_Metallization_Patterning_Integrated_Review_평가_결과_보고_20261004110459.pptx,260421_금속화 패터닝 split 매트릭스 통합 리뷰.pptx
Mx_Rs_Increase_Black_EM_평가_결과_보고_20261004183556.pptx,260630_Rs 증가 Black 방정식 EM overCMP.pptx
Mx_Ru_Anneal_Temperature_Split_평가_결과_보고_20261004091944.pptx,260430_Ru 열처리 온도 Split 원통형 변형.pptx
Mx_Ru_Line_Aspect_Ratio_Split_평가_결과_보고_20261004094712.pptx,260723_Ru 선 종횡비 AR3 vs AR6 18nm 피치.pptx
PDN_EM_Unit_Cell_Rule_Revision_평가_결과_보고_20261004100126.pptx,260525_PDN EM Unit-cell 룰 개정 전류밀도.pptx
ULK_HMDS_Silylation_Recovery_평가_결과_보고_20261004133606.pptx,260609_ULK HMDS 실릴화 Si-OH 복구.pptx
ULK_Plasma_Damage_HMDS_Repair_평가_결과_보고_20261004144119.pptx,260618_ULK 플라즈마 손상 HMDS 복구.pptx
ULK_Plasma_Damage_Repair_Eval_평가_결과_보고_20261004184119.pptx,260714_ULK 플라즈마 손상 복구 평가 캡 계면.pptx
ULK_Silylation_Dielectric_Recovery_평가_결과_보고_20261004173606.pptx,260708_ULK 실릴화 유전율 복구 HMDS.pptx
ULK_TDDB_Across_Defects_평가_결과_보고_20261004151737.pptx,260416_TDDB 세 결함 공통 분모 하드마스크 챔퍼.pptx
ULK_TDDB_Three_Paths_평가_결과_보고_20261004191737.pptx,260925_ULK TDDB 세 경로 하드마스크 챔퍼 복구.pptx
ULK_TDDB_Variability_Spec_Study_평가_결과_보고_20261004101540.pptx,260521_ULK TDDB 변동성 LER 스펙 16nm HP.pptx
V1_Chamfer_ALD_Ru_Liner_Compare_평가_결과_보고_20261004144742.pptx,260911_V1 챔퍼 ALD Ru 라이너 PVD 비교.pptx
V1_Chamfer_HTOL_Recess_Study_평가_결과_보고_20261004192923.pptx,260316_V1 챔퍼 HTOL Cu Recess 트렌치 과식각.pptx
V1_PVD_vs_ALD_Ru_Liner_평가_결과_보고_20261004184742.pptx,260722_V1 PVD vs ALD Ru 라이너 챔퍼 기전.pptx
V1_Profile_Step_Coverage_Check_평가_결과_보고_20261004180601.pptx,260423_V1 프로파일 스텝 커버리지 챔퍼 붕괴 검증.pptx
V1_Shoulder_Loss_Pinchoff_Void_평가_결과_보고_20261004172943.pptx,260602_V1 숄더 손실 핀치오프 Void 배리어 단절.pptx
V1_V3_Supervia_vs_Stacked_Via_평가_결과_보고_20261004095449.pptx,260120_V1 V3 슈퍼비아 vs 적층 비아 Kelvin 저항.pptx
V1_Via_Chamfer_Collapse_Cu_Void_평가_결과_보고_20261004132943.pptx,260703_V1 비아 챔퍼 붕괴 Cu Void.pptx
V1_Via_Chamfer_HTOL_TDDB_Study_평가_결과_보고_20261004152923.pptx,260122_V1 비아 챔퍼 HTOL TDDB Recess 연구.pptx
V1_Via_Profile_Barrier_Coverage_평가_결과_보고_20261004140601.pptx,260825_V1 비아 프로파일 배리어 커버리지 원인 평가.pptx
imec_review_dummy_01.pptx,260824_imec BEOL 논문 20편 선정 기준 849건 질의.pptx
imec_review_dummy_02.pptx,260604_3단 고종횡비 슈퍼비아 M1 M4 Montero Alvarez.pptx
imec_review_dummy_03.pptx,260703_CuAl2 28nm 저항률 MAX 세라믹 Soulié.pptx
imec_review_dummy_04.pptx,260415_MAX 세라믹 β-Ti4InN3 Cu 대비 11분의 1.pptx
imec_review_dummy_05.pptx,260616_후보 금속 스크리닝 Ru Mo MAX 18nm 피치.pptx
imec_review_dummy_06.pptx,260420_전기 열 반대 방향 BEOL 브리핑 다섯 발견.pptx
imec_review_dummy_07.pptx,260921_imec BEOL 20편 목록 출처 축 전문 접근.pptx
imec_review_dummy_08.pptx,260717_BEOL 배선 후보군 선별 vs 패터닝 semi-damascene.pptx
imec_review_dummy_09.pptx,260106_후보군 스크리닝 Soulié 표 Intel 4 BEOL 단면.pptx
imec_review_dummy_10.pptx,260227_열저항 비아 86% 저유전율 OSG3.0 MIM 잡음.pptx
imec_review_dummy_11.pptx,260223_imec BEOL 20편 심층 리뷰 표지 오픈액세스.pptx
imec_review_dummy_12.pptx,260727_imec BEOL 심층 리뷰 Intel 4 holy grail 논문.pptx
imec_review_dummy_13.pptx,260811_imec BEOL 심층 리뷰 구리 다마신 단면 Nature.pptx
imec_review_dummy_14.pptx,260907_BEOL interconnect 코어 세트 849건 27건 20편.pptx
imec_review_dummy_15.pptx,260504_전자현미경 영상 7편 figure 저작권.pptx
imec_review_dummy_16.pptx,260814_MAX 세라믹 Moors 비등방성 수송 텐서.pptx
imec_review_dummy_17.pptx,260804_Cu Ru 배선 단면 스크리닝 후보군 IBM.pptx
imec_review_dummy_18.pptx,260701_Ru 복병 열처리 원통형 변형 다중 단락.pptx
imec_review_dummy_19.pptx,260703_후보군 Ru Mo Al 금속간화합물 MAX.pptx
imec_review_dummy_20.pptx,260420_Sankaran MAX 상 170개 69 안정상 24개.pptx
imec_review_dummy_21.pptx,260428_CuAl2 10nm 이상 Ru 능가 Cu Ta 배리어.pptx
imec_review_dummy_22.pptx,260508_imec BEOL 20편 금속화 패터닝 신뢰성 열 축.pptx
imec_review_dummy_23.pptx,260602_스크리닝 후보군 300mm 실증 Ru Mo Al.pptx
imec_review_dummy_24.pptx,260820_semi-damascene 금속 직접 식각 AR 로드맵.pptx
imec_review_dummy_25.pptx,260827_스크리닝 AR 로드맵 300mm 실증 후보.pptx
imec_review_dummy_26.pptx,260409_배선 구조 단면 비교 세 방식 Murdoch.pptx
imec_review_dummy_27.pptx,260924_MAX 세라믹 계산 단계 Ti3SiC2 TEM 11배.pptx
imec_review_dummy_28.pptx,260319_후보 금속 스크리닝 Intel 4 M0 M15 단면.pptx
imec_review_dummy_29.pptx,260319_Ru Cu Mo Al-MISC 18nm 2소재 자기정렬 비아.pptx
imec_review_dummy_30.pptx,260827_Ru Cu MAX Al 기반 300mm 웨이퍼 후보 최종.pptx
